CMA #,COG ID,NGMDB Product Link,Pixel Space COG Link,NGMDB ProdID,NGMDB ItemID,Process?,Results Ready?,Georeferenced Results Link,Pixel Space Results Link,Comments
1,68bc42b14731432942174e33624970cd6e4d4b19638913c55ad34e1969a4cda6,https://ngmdb.usgs.gov/Prodesc/proddesc_113122.htm,Download,113122,,yes,yes,Result Download,Result Download,
1,5a06544690b6611f419f0c6f244776a536ad52915555555555515545c9b1ddb9,https://ngmdb.usgs.gov/Prodesc/proddesc_110931.htm,Download,110931,,yes,yes,Result Download,Result Download,
1,749096b5d935d936986598659a659a651a759a759a359a359a719a63be23bcb3,https://ngmdb.usgs.gov/Prodesc/proddesc_53392.htm,Download,53392,,,,,,
1,6aa06eb5d925c9279a659a659a651a651a751a759a359a351a699a631a23aab3,https://ngmdb.usgs.gov/Prodesc/proddesc_53392.htm,Download,53392,,,,,,
1,5f2166d54ad573d362d562d126d31ed14bd36b9326d326d316d312d50e959c15,https://ngmdb.usgs.gov/Prodesc/proddesc_53572.htm,Download,53572,,,,,,
1,640078132f9b27c9037380e9722a33aa8dba407a2f222cca70c258c270ea34d0,https://ngmdb.usgs.gov/Prodesc/proddesc_97982.htm,Download,97982,,,,,,
1,7b196899429fd50d934d07cd1d0d192d360f454dccddd88d892d11b11cb96169,https://ngmdb.usgs.gov/Prodesc/proddesc_53535.htm,Download,53535,,,,,,
1,60489c239cb39d138d219d138d319d339c9396638b6c807a5a682b9624918069,https://ngmdb.usgs.gov/Prodesc/proddesc_53230.htm,Download,53230,37298,,,,,
1,ec88b0931c931d131c9108132c11d0130813a013409432128ce84b962b998c69,https://ngmdb.usgs.gov/Prodesc/proddesc_53231.htm,Download,53231,37299,,,,,
1,6408a073a033a013a121a163a261a263a463a463a46cba1283e063962a998069,https://ngmdb.usgs.gov/Prodesc/proddesc_53232.htm,Download,53232,37300,,,,,
1,e8889ee39e639c639561956393619b6393e399e38d6cc52e48da4a962a998ec9,https://ngmdb.usgs.gov/Prodesc/proddesc_53228.htm,Download,53228,37296,,,,,
1,58b9233f5a3314b70e1738b33d17347bbc6a266934811db9612d4bc943e10189,https://ngmdb.usgs.gov/Prodesc/proddesc_53645.htm,Download,53645,37471,,,,,
1,6e513c8d564516737c7534f12d15676158efd0e161712933393302dbec67cce9,https://ngmdb.usgs.gov/Prodesc/proddesc_52955.htm,Download,52955,,,,,,
2,c4cc244cc5a0cd262be032844eb019a08bac07ac25a8318619a6d48c248c8ee1,https://ngmdb.usgs.gov/Prodesc/proddesc_2718.htm,Download,2718,20793,yes,yes,Result Download,Result Download,
2,6246624663467c4678465ce75c671c67364774573b76076f1ddf255f88f049b1,https://ngmdb.usgs.gov/Prodesc/proddesc_10139.htm,Download,10139,18086,,,,,
2,464f530f460f4a85710f794f794f7a6734677a27382658875887599704730139,https://ngmdb.usgs.gov/Prodesc/proddesc_10240.htm,Download,10240,18130,,,,,
2,69c664c664c664c674c658c658c61d47364677163b160f4f3dde275e09b91119,https://ngmdb.usgs.gov/Prodesc/proddesc_10131.htm,Download,10131,18081,,,,,
2,4447560756874e07700770467867782734277026782758875897199733e931ae,https://ngmdb.usgs.gov/Prodesc/proddesc_10275.htm,Download,10275,18150,,,,,
2,664666466046784658465cc65c471c46744676163f761ddf35df255e1cda199c,https://ngmdb.usgs.gov/Prodesc/proddesc_10276.htm,Download,10276,18151,,,,,
2,6535067559726d5509a53d951a251b35695d2a4d4b254d1749474d1d49290810,https://ngmdb.usgs.gov/Prodesc/proddesc_4292.htm,Download,4292,25780,yes,yes,Result Download,Result Download,
2,62c1083d9835a0372095318d0dcd22cf1b6545c7468f47650f970f8645860684,https://ngmdb.usgs.gov/Prodesc/proddesc_4292.htm,Download,4292,25779,yes,yes,Result Download,Result Download,
2,c8cc692986f286c78dd79dc5b429416905e941eb03d143611f637a4365e692b2,https://ngmdb.usgs.gov/Prodesc/proddesc_15977.htm,Download,15977,29056,,,,,
2,4fe36f2b75ab3f23a0e3564d6719651f0e179da1059f9321062905190d3f0065,https://ngmdb.usgs.gov/Prodesc/proddesc_15977.htm,Download,15977,29057,,,,,
2,58d85dcc19b678f526d646f156f143d925d12e290be5a8c52b1d2b354bb652d8,https://ngmdb.usgs.gov/Prodesc/proddesc_10040.htm,Download,10040,1322,yes,yes,Result Download,Result Download,
2,6169716919e971e924fc0e6618661166668a2c690e490e4e61c900c663e620ee,https://ngmdb.usgs.gov/Prodesc/proddesc_1302.htm,Download,1302,1333,,,,,
2,7da43da53fe15fe55da11da51da92dab0d516e534d8ec59f078327e718f3a0e0,https://ngmdb.usgs.gov/Prodesc/proddesc_9003.htm,Download,9003,74292,,,,,
2,54810cec6e5c6f9776c71f6d66dd738c53cc13cc33e439ac498ce1c441e2c180,https://ngmdb.usgs.gov/Prodesc/proddesc_9003.htm,Download,9003,74293,,,,,
2,50910cec2c5c6f9776c71f6d1ecd378c53cc0bce33e639ac498ed1d089f88185,https://ngmdb.usgs.gov/Prodesc/proddesc_15158.htm,Download,15158,15170,,,,,
2,7da43da51fe15fa55da11da53da92dad0d510e534d8ec59f07c347e700eba0e0,https://ngmdb.usgs.gov/Prodesc/proddesc_15158.htm,Download,15158,21108,,,,,
2,3931652671e478e47c643ce45d256ca537655b656da526e512626d6aa4e81ce0,https://ngmdb.usgs.gov/Prodesc/proddesc_107874.htm,Download,107874,60322,,,,,
2,d08048964d064a86489e490649a6618f610b660b6309430503853124303f423e,https://ngmdb.usgs.gov/Prodesc/proddesc_9487.htm,Download,9487,2561,,,,,
2,48d8587b18590c594779673b79b906f946590669066946711c775bb653c5c1c5,https://ngmdb.usgs.gov/Prodesc/proddesc_9965.htm,Download,9965,74450,,,,,
2,d0d048e259e719771b673361323336333293631b67996399c75753102312a3a4,https://ngmdb.usgs.gov/Prodesc/proddesc_9797.htm,Download,9797,74445,,,,,
2,e1204366416645e505654c6e63ee69e506e825e6c6b6a4a624266776e25480b1,https://ngmdb.usgs.gov/Prodesc/proddesc_9492.htm,Download,9492,74299,,,,,
2,16410f496f4976410fc927c9632543a50327136641bc498c498c4984236ce0e8,https://ngmdb.usgs.gov/Prodesc/proddesc_9999.htm,Download,9999,18321,,,,,
2,4bdd4fddc7953b95216d527578757865496548ed4c694e694a6b4e6b48e9019b,https://ngmdb.usgs.gov/Prodesc/proddesc_21807.htm,Download,21807,20323,,,,,
2,65095a891d4d1da934f93ce95a39521d923d725d131913b901d904d9826f005c,https://ngmdb.usgs.gov/Prodesc/proddesc_21807.htm,Download,21807,20325,,,,,
2,56614a69094907490fcd1b8d0acd2f4d20e521e725eb26eb21e731f025b00160,https://ngmdb.usgs.gov/Prodesc/proddesc_21807.htm,Download,21807,20324,,,,,
2,6b174c9955d51bc713f904e94c39263b263b027d027c017c04fc046c065c0078,https://ngmdb.usgs.gov/Prodesc/proddesc_21807.htm,Download,21807,20326,,,,,
2,60e07ce52e2534e552e57aa550354c794435e335773d4db55da726cf064d0720,https://ngmdb.usgs.gov/Prodesc/proddesc_10209.htm,Download,10209,74457,,,,,
2,b3448cc6af4b970b8d9b8dcb8a6bb8bb81fb85bb93e7a26682e6830e951e9ce0,https://ngmdb.usgs.gov/Prodesc/proddesc_238.htm,Download,238,24804,,,,,
2,f2090dc52547330f2b1f0bc7163f19f730ff107f135f226708cf070f250fcca0,https://ngmdb.usgs.gov/Prodesc/proddesc_238.htm,Download,238,24805,yes,yes,Result Download,Result Download,
2,36641667406d50ef4ce36ceb26e937775347cb4ba71b054b05c986c781cf5861,https://ngmdb.usgs.gov/Prodesc/proddesc_9132.htm,Download,9132,1358,yes,yes,Result Download,Result Download,
2,605b6d3d473d478567a513874b97a097989fd19f51dd1b33194f25ff01f90999,https://ngmdb.usgs.gov/Prodesc/proddesc_4206.htm,Download,4206,20810,,,,,
2,367d04ad038d131d04ed8ded09cd495da03d1b6e020c17b248be3ea4131b61cf,https://ngmdb.usgs.gov/Prodesc/proddesc_4206.htm,Download,4206,21398,,,,,
2,782d602534dd0c7d2e6d0fad0a2d47dd47dd47fd224d9b289a3e408c19e49038,https://ngmdb.usgs.gov/Prodesc/proddesc_4206.htm,Download,4206,20813,,,,,
2,341339c958cd1d86490b0f634f030f061f1e8e1ccf6a0d664d190c651cc61338,https://ngmdb.usgs.gov/Prodesc/proddesc_4206.htm,Download,4206,21400,,,,,
2,54f704fd1a6d1ced18ff28ed27cc23ed20fe18f638f618f644fc03c7129fe0f0,https://ngmdb.usgs.gov/Prodesc/proddesc_4206.htm,Download,4206,20805,,,,,
2,039a019c1198079c4f984398139a03654f840db48698032d093c84b840744198,https://ngmdb.usgs.gov/Prodesc/proddesc_4206.htm,Download,4206,20806,,,,,
2,6a4f4a4c7ac57ec75e876f872152256335a211e74f9749a713c712de09db4de1,https://ngmdb.usgs.gov/Prodesc/proddesc_4206.htm,Download,4206,20804,yes,yes,Result Download,Result Download,
2,71400af546b5463502b14839057125b1693d4d750c391c514cf19309a50af210,https://ngmdb.usgs.gov/Prodesc/proddesc_14088.htm,Download,14088,21672,,,,,
2,52b017b145a10dad47a955b912a14ae7cd25d135423549b59b27bb2b8a2b0e51,https://ngmdb.usgs.gov/Prodesc/proddesc_9938.htm,Download,9938,16928,yes,yes,Result Download,Result Download,
2,7389243f0c77003d012f266f047d09f705bf05fa21d34fda46fc06d20bb279fc,https://ngmdb.usgs.gov/Prodesc/proddesc_16507.htm,Download,16507,13074,,,,,
2,7389243f0cb7003f012f244f047f09f7059705fa23d34fda46fc06d20f72596c,https://ngmdb.usgs.gov/Prodesc/proddesc_16507.htm,Download,16507,13075,,,,,
2,708926f70cf7007f006f246f046709f705b7077a23f3435a437c26d201b251ec,https://ngmdb.usgs.gov/Prodesc/proddesc_16507.htm,Download,16507,13076,,,,,
2,5869307706730b66017706b30a7328c721d615e519e711eb13e197210721a874,https://ngmdb.usgs.gov/Prodesc/proddesc_16507.htm,Download,16507,13069,,,,,
2,4db1493542b344db5c756e357676783b68b35272d341509055256f9325a18065,https://ngmdb.usgs.gov/Prodesc/proddesc_9455.htm,Download,9455,1367,yes,yes,Result Download,Result Download,
2,d690a166316e324e3207322770c7710673075386538642166e206c99282d682c,https://ngmdb.usgs.gov/Prodesc/proddesc_9548.htm,Download,9548,16748,yes,yes,Result Download,Result Download,
2,31d473dd5fd16fcd5f8957ad55ad35ab0ec70d2c333e6ac86f890bb36bb3c0d9,https://ngmdb.usgs.gov/Prodesc/proddesc_12251.htm,Download,12251,1330,yes,yes,Result Download,Result Download,
2,4e956e956a95329d36991a553e572e5916531a634e644f6f925952554675ce40,https://ngmdb.usgs.gov/Prodesc/proddesc_13063.htm,Download,13063,2548,,,,,
2,46d902d905b92df90c39447955b9593d583d5a9d322525252525252583679344,https://ngmdb.usgs.gov/Prodesc/proddesc_8879.htm,Download,8879,74436,,,,,
2,d00260dd1135143d32bd341f054d504e589658ad6cad63557166c19581b06044,https://ngmdb.usgs.gov/Prodesc/proddesc_8879.htm,Download,8879,74437,,,,,
2,64b467b775a359b709b725a651a64ba369968c261ca61eb69cb68b36cd64c06c,https://ngmdb.usgs.gov/Prodesc/proddesc_9408.htm,Download,9408,74297,,,,,
2,609918e51cf50ec53645374d15a512e71ce5349d24b623256925d18199b1d0f1,https://ngmdb.usgs.gov/Prodesc/proddesc_9408.htm,Download,9408,74298,,,,,
2,b1c29c369e3f9ec39f4f969696c696669c569c9691de9196919e879689c61cc8,https://ngmdb.usgs.gov/Prodesc/proddesc_2299.htm,Download,2299,24427,,,,,
2,59ca1c331e3f9ec79f4b96679d6f96679cbf9cbf911f9496948f8f478bce1c8b,https://ngmdb.usgs.gov/Prodesc/proddesc_2299.htm,Download,2299,24429,,,,,
2,d3ca3c331b3795b39d23946795af86bf94bf9d1f961794969c878a678bd61c8a,https://ngmdb.usgs.gov/Prodesc/proddesc_2299.htm,Download,2299,24430,,,,,
2,c52034e914e956ed5a691c694de905a925ad64a946ed44edc60d44e9c4a8c420,https://ngmdb.usgs.gov/Prodesc/proddesc_9346.htm,Download,9346,74295,,,,,
2,48d8ccdacbd9ccd346db47dbc3d303df13cd13cf09d727c762c74cc746d384cd,https://ngmdb.usgs.gov/Prodesc/proddesc_6248.htm,Download,6248,29166,,,,,
2,706091164d1e4d3fca3cca59c0618c81cc1f4c6d1c4d8c3b8cfb50db9c5b092c,https://ngmdb.usgs.gov/Prodesc/proddesc_25513.htm,Download,25513,9683,,,,,
2,6244939950c370e710e741f307354a66c8fb818ac18d47e3c7674763c7629086,https://ngmdb.usgs.gov/Prodesc/proddesc_25513.htm,Download,25513,9682,,,,,
2,307180ac60163c464c3949130d07221d825b91fa71bb73b392f381b3017b0079,https://ngmdb.usgs.gov/Prodesc/proddesc_25513.htm,Download,25513,9684,,,,,
2,49c829f2397828da2c7834d85678126792d792d7b2d9496704f73e13341a81ec,https://ngmdb.usgs.gov/Prodesc/proddesc_25513.htm,Download,25513,9681,,,,,
2,6dc52ca54c254cc54c551c551c550d150c450e4522456a5569154d956195649d,https://ngmdb.usgs.gov/Prodesc/proddesc_10194.htm,Download,10194,2547,yes,yes,Result Download,Result Download,
2,4ab446794c3d193d4f354cf555954db54eb567b4120518b55a1558d75ad543b7,https://ngmdb.usgs.gov/Prodesc/proddesc_13038.htm,Download,13038,1334,yes,yes,Result Download,Result Download,
2,78015ae11acb1d7b496d6a6d0a7b6b6e237e166e5aef24ed2aaf079a858dca61,https://ngmdb.usgs.gov/Prodesc/proddesc_22659.htm,Download,22659,22232,,,,,
2,63297329c3c962a9c2b982bb92bf4aa668b764b5974252256f056e254ab580e9,https://ngmdb.usgs.gov/Prodesc/proddesc_8982.htm,Download,8982,74438,yes,yes,Result Download,Result Download,"Toole, UT"
2,708928d328d308d318f350f350f348f34c7b64bb633b58994c9303330333e300,https://ngmdb.usgs.gov/Prodesc/proddesc_9123.htm,Download,9123,1357,,,,,
2,5ad40ad51ad51ad58e5597555bf549d544d572d586150755075169551557e614,https://ngmdb.usgs.gov/Prodesc/proddesc_9123.htm,Download,9123,1356,,,,,
2,49f44dfd45b30df30df711b530f531fb34f936f852a552a556ad52ad52ad62dc,https://ngmdb.usgs.gov/Prodesc/proddesc_8978.htm,Download,8978,19976,,,,,
2,c8e464e924f96ef10df30ced14e95ce94c694c6b0c6ae71c9a499ac96258e4f4,https://ngmdb.usgs.gov/Prodesc/proddesc_1389.htm,Download,1389,74286,,,,,
2,e4d15197698d43cd47b544b546b541af61ee60f664cd64c544f348d088cc60cc,https://ngmdb.usgs.gov/Prodesc/proddesc_1389.htm,Download,1389,74287,,,,,
2,dc98c9338b33953335b319b359bb39ab1ca33cb36c9ec49c64264ba659d45d99,https://ngmdb.usgs.gov/Prodesc/proddesc_20268.htm,Download,20268,24378,,,,,
2,39c004370a770f870acf0ad7003799678c1f8c3f8d3f9d1f8c9f8e4f8e4ff8d0,https://ngmdb.usgs.gov/Prodesc/proddesc_2435.htm,Download,2435,25114,,,,,
2,d9009ce698e69a2a96869cd699d69926991694769d8698cc948494cc9cc4e020,https://ngmdb.usgs.gov/Prodesc/proddesc_2435.htm,Download,2435,25113,,,,,
2,bbc40c170a370f9f1bcf1ecf09b799b78c1f0c7f9c7f9d879ca796e796e7f898,https://ngmdb.usgs.gov/Prodesc/proddesc_2435.htm,Download,2435,25115,,,,,
2,b8ca08371a371697168710af01fb92d708bf9cef8e4f991f9c4f947f9d77cb30,https://ngmdb.usgs.gov/Prodesc/proddesc_2435.htm,Download,2435,25116,,,,,
2,70cdc0cd43c543ccc1c403c607c467c613c611a40d8d2b277365366d7673486b,https://ngmdb.usgs.gov/Prodesc/proddesc_13139.htm,Download,13139,63359,,,,,
2,693b1b3b0a1b0f1b079b535b697b6bd91ad94b4b696969496969696d696d82f1,https://ngmdb.usgs.gov/Prodesc/proddesc_13047.htm,Download,13047,1337,,,,,
2,c260638031b82b1bc99f6c9f6eb30d3b626969e769e5ca6158ab38e92c6550d8,https://ngmdb.usgs.gov/Prodesc/proddesc_25097.htm,Download,25097,25633,,,,,
2,40e20365457549f341f10df71df11dd509d12df7a6172c9524d59cd51895c316,https://ngmdb.usgs.gov/Prodesc/proddesc_12242.htm,Download,12242,1329,yes,yes,Result Download,Result Download,
2,52d453d113b12db327b34bd142ed04e946eb0e2969b948ab4733553f25be80d8,https://ngmdb.usgs.gov/Prodesc/proddesc_12252.htm,Download,12252,74312,,,,,
2,75b1659147b346e34eab4da16d9527ad18031a8d7aad30854955698b294700e1,https://ngmdb.usgs.gov/Prodesc/proddesc_9931.htm,Download,9931,16927,yes,yes,Result Download,Result Download,
2,f1004c710cf509f95bf952f52b753fbd1eb53db56d3527b5037493c29242c08e,https://ngmdb.usgs.gov/Prodesc/proddesc_9348.htm,Download,9348,74296,,,,,
2,eca0117136715c717a6b72ee41eb65eb61eb4beb4f694d6b464b86cb86cea436,https://ngmdb.usgs.gov/Prodesc/proddesc_8950.htm,Download,8950,74290,,,,,
2,7211362e06be073526754f6547a94f4559c6773642f66e664d0681f689b6a109,https://ngmdb.usgs.gov/Prodesc/proddesc_8950.htm,Download,8950,74291,,,,,
2,5da00da54fe50fe34fa15f655bc55b844d942e972eb78ca3b692258318a480f8,https://ngmdb.usgs.gov/Prodesc/proddesc_8893.htm,Download,8893,74288,yes,yes,Result Download,Result Download,
2,eb1065d256d27a763c351e351b3545b5799759b551b51b7453652f252ce58209,https://ngmdb.usgs.gov/Prodesc/proddesc_9832.htm,Download,9832,74302,,,,,
2,5840671d673556395a765ab67e357b3573b5539752d54cd72dd5c32582a49245,https://ngmdb.usgs.gov/Prodesc/proddesc_9063.htm,Download,9063,74294,,,,,
2,43615b711b592349334927494349534942497d4949491adb3c9b36a9373b48fd,https://ngmdb.usgs.gov/Prodesc/proddesc_10171.htm,Download,10171,2546,,,,,
2,74b16d334633423b593750b758b74cb353b1c3036ba36da79a831309054b80c1,https://ngmdb.usgs.gov/Prodesc/proddesc_28120.htm,Download,28120,74458,,,,,
2,65d867cd77c577c577f173d976d92cd94dd9844176c156b556d50697189ea8e9,https://ngmdb.usgs.gov/Prodesc/proddesc_9518.htm,Download,9518,74301,,,,,
2,a8a42db561c593a1b1b331b561e569e516a552b361b666a662b1119913a900e3,https://ngmdb.usgs.gov/Prodesc/proddesc_9991.htm,Download,9991,74451,,,,,
2,4e906d656d7555554d754d252d352d552d5725553665193645946cc51cd4c0b6,https://ngmdb.usgs.gov/Prodesc/proddesc_9354.htm,Download,9354,2558,,,,,
2,50e958326472336a19ea77ea4fea4b3a5baa7328155455546d542d5425556639,https://ngmdb.usgs.gov/Prodesc/proddesc_96078.htm,Download,96078,28718,,,,,
2,60b059b93af924794d79103912b908b904b106bde2c90a8b1aad7aad03ad8694,https://ngmdb.usgs.gov/Prodesc/proddesc_9855.htm,Download,9855,74307,,,,,
2,46b50379197d08792c79563547355e35366d56a5d2ad52a556a556a587258721,https://ngmdb.usgs.gov/Prodesc/proddesc_3904.htm,Download,3904,20449,,,,,
2,40d030a5382118a53ca929214c673c7935383426326f73ed758d824d938da30d,https://ngmdb.usgs.gov/Prodesc/proddesc_9245.htm,Download,9245,74440,,,,,
2,74f431473b636b665c665c664ce62c656665665534d538555c555855c4d484d2,https://ngmdb.usgs.gov/Prodesc/proddesc_9245.htm,Download,9245,74439,,,,,
2,dc042bc92bd9a8c924d9a3c5c2c541d920d926d926cda6a78e9482b4c0cadcd2,https://ngmdb.usgs.gov/Prodesc/proddesc_2678.htm,Download,2678,15179,,,,,
2,53696169426d4069446d5d6d496d136d566c586d696d460d54911605661580c3,https://ngmdb.usgs.gov/Prodesc/proddesc_9485.htm,Download,9485,1368,,,,,
2,77694ba759de56db646b34fb18d909fb0dfb4dc909ab6ac34a496a4b8a498b2b,https://ngmdb.usgs.gov/Prodesc/proddesc_8976.htm,Download,8976,15218,,,,,
2,28e438e3796b5ce45a65126538673c67a695e45121555b155a55525512570703,https://ngmdb.usgs.gov/Prodesc/proddesc_9972.htm,Download,9972,1385,,,,,
2,c92a163516b56765578546656755275d275507551f9d4e1101e50bc78716849e,https://ngmdb.usgs.gov/Prodesc/proddesc_1708.htm,Download,1708,15171,,,,,
2,74c06bd85cca13ca53486b483b48364a0eca22cac648a498e9c98949a15ae6f0,https://ngmdb.usgs.gov/Prodesc/proddesc_1687.htm,Download,1687,1342,,,,,
2,6f00563536352625368536a536356635463616365636563599325d3745368ede,https://ngmdb.usgs.gov/Prodesc/proddesc_1709.htm,Download,1709,15172,,,,,
2,0211084f34cb21e323c31843203320f320cb09d30ef30ad749d544bf08e32001,https://ngmdb.usgs.gov/Prodesc/proddesc_2460.htm,Download,2460,25288,,,,,
2,5081092d0ccf0def036f0c4f08ef04ff0c3f09ff4eef4bef497f423f4add2001,https://ngmdb.usgs.gov/Prodesc/proddesc_2460.htm,Download,2460,25289,,,,,
2,5411496d04cf25a723e7094f092b08fb00ff09cf4eef0bef087f0bbf42dd2001,https://ngmdb.usgs.gov/Prodesc/proddesc_2460.htm,Download,2460,25290,,,,,
2,5081096d04ef21af03cf0e4f2e4b24bb296f4deb07e309e70a7b4bbf15ed2211,https://ngmdb.usgs.gov/Prodesc/proddesc_2460.htm,Download,2460,25291,,,,,
2,42d10c6d02fb08db03b720bf0cdb26cb235b098b04330c370e3d5c3d4a556851,https://ngmdb.usgs.gov/Prodesc/proddesc_2461.htm,Download,2461,25292,,,,,
2,79c10a5b021f081f018f009f0e2f014f034f0b8f0c274c3fcc3fda3fd0b36041,https://ngmdb.usgs.gov/Prodesc/proddesc_2461.htm,Download,2461,25293,,,,,
2,5d0102cb02cf098f03af00bf074f233f035f098f0a2f0c3b0c3f0a3f30e34441,https://ngmdb.usgs.gov/Prodesc/proddesc_2461.htm,Download,2461,25294,,,,,
2,3958399d50af37cb037b0e2d310f224b461f055c16dc249c378c1f0d112cf1c0,https://ngmdb.usgs.gov/Prodesc/proddesc_4653.htm,Download,4653,67458,,,,,
2,4959485b0947440f489f443f66134717453f6717469f4d8f459f6457cc799932,https://ngmdb.usgs.gov/Prodesc/proddesc_4653.htm,Download,4653,67459,,,,,
2,51b035b9379946996eb16cb55eb559b94db96db94db96eb14f3126394eb10d24,https://ngmdb.usgs.gov/Prodesc/proddesc_9374.htm,Download,9374,74441,yes,yes,Result Download,Result Download,
2,7081634d233d349d0b9b059d174d656d2aad60cd55dd718d314dc153849c9080,https://ngmdb.usgs.gov/Prodesc/proddesc_1388.htm,Download,1388,74285,,,,,
2,c0c407b21bba19a3259325b361934d924d9325938c5b86a253b21fb416b2c0f1,https://ngmdb.usgs.gov/Prodesc/proddesc_1388.htm,Download,1388,74284,,,,,
2,6cdd097819de58de019e439f4edf245b661b471b471bc365c2d79495c4d544d1,https://ngmdb.usgs.gov/Prodesc/proddesc_9381.htm,Download,9381,1363,,,,,
2,4b791a6d58594cd926e913495b694ca966c963497d4934cd1ecd47c9276d20c6,https://ngmdb.usgs.gov/Prodesc/proddesc_10267.htm,Download,10267,21149,,,,,
2,35984ff947c94dd959d91bd931d131a18e6113c54995430d13eb50e664e530e5,https://ngmdb.usgs.gov/Prodesc/proddesc_10288.htm,Download,10288,1328,,,,,
2,88e14ee9368972892a39309930c93adb769b6899295b252b2adb809b6309030d,https://ngmdb.usgs.gov/Prodesc/proddesc_52740.htm,Download,52740,40580,,,,,
2,088a2cce276423e62bc63be611fa10bc38ce10d7107b32733a133a06392d6013,https://ngmdb.usgs.gov/Prodesc/proddesc_52741.htm,Download,52741,40581,,,,,
2,6e99263d5c331c3772977a3718571e1919b10df54735c0f10558015b017b00e0,https://ngmdb.usgs.gov/Prodesc/proddesc_22335.htm,Download,22335,21734,,,,,
3,324c32cbb619b22cb2dba67b24ea27caa65aa7ef21cf38caaafaaaa2aab2a0f1,https://ngmdb.usgs.gov/Prodesc/proddesc_10301.htm,Download,10301,18166,yes,yes,Result Download,Result Download,
3,5b0d4b051ed56ed16f19621b40db21fb4fdb4d995559554b554b574b554b26d3,https://ngmdb.usgs.gov/Prodesc/proddesc_13052.htm,Download,13052,70,,,,,
3,610a654b653d10e921e90f7d3d2d348d741d543d30ff01ad0f11073320f3b8d1,https://ngmdb.usgs.gov/Prodesc/proddesc_112084.htm,Download,112084,67434,,,,,
3,6cc658764c3f0c0d0c4558471c97319669b631c709f50b2129294d296d3102f4,https://ngmdb.usgs.gov/Prodesc/proddesc_10004.htm,Download,10004,2,,,,,
3,63286b2d3ba90fbb27aa536b4b23690127a30be34b290f4b0d2e718e72ca0cec,https://ngmdb.usgs.gov/Prodesc/proddesc_10242.htm,Download,10242,42,yes,yes,Result Download,Result Download,
3,2c602469286529242a512b312a132e7130e10ce38535013968e71493c46bc844,https://ngmdb.usgs.gov/Prodesc/proddesc_1399.htm,Download,1399,38076,yes,yes,Result Download,Result Download,
3,60010ccd016e0dae099e018e052f09ad09ad0bad018d118d0abd1aad10ad6101,https://ngmdb.usgs.gov/Prodesc/proddesc_2317.htm,Download,2317,24497,,,,,
3,60850b59075f06df0c9f1d3f1c7f1dff171f1fd913fd151d1059179d55a94251,https://ngmdb.usgs.gov/Prodesc/proddesc_2317.htm,Download,2317,24494,,,,,
3,37c63fc61d373f072f862f0627c627e727c6374e17c627162f062e066e46f1d8,https://ngmdb.usgs.gov/Prodesc/proddesc_20459.htm,Download,20459,29027,,,,,
3,229632973297399638163e1632161316019607960f960b16129e163e263661d8,https://ngmdb.usgs.gov/Prodesc/proddesc_20459.htm,Download,20459,29028,,,,,
3,330e339d3b0d335d26bd263d361d361d270d264e161e375e274e2f5e0b5e9198,https://ngmdb.usgs.gov/Prodesc/proddesc_20459.htm,Download,20459,29025,,,,,
3,735e1a5d6b1d670d634d734d334d314d711d319e71363336307630763166c198,https://ngmdb.usgs.gov/Prodesc/proddesc_20459.htm,Download,20459,29026,,,,,
3,60e9008300660046009c0b38027904b100e889eb83d383d319a833205b0e420c,https://ngmdb.usgs.gov/Prodesc/proddesc_25499.htm,Download,25499,38153,,,,,
3,42a3059d164f1b3e09be0d5e062e05af13af19ad146d121d154d156d15cd4889,https://ngmdb.usgs.gov/Prodesc/proddesc_2507.htm,Download,2507,25631,,,,,
3,68d119cd0b4f039f117b10bf123b112f146f163d18cd0d6d0b0d090d74956261,https://ngmdb.usgs.gov/Prodesc/proddesc_2504.htm,Download,2504,25614,,,,,
3,1091126d032e10db122b09af16cf072f138f09cd056d1a6d1c6d166d54956249,https://ngmdb.usgs.gov/Prodesc/proddesc_2505.htm,Download,2505,25619,,,,,
3,684119ad13af133f127b1acf186f1e2d17ad128d122d164d133d1b3d14856201,https://ngmdb.usgs.gov/Prodesc/proddesc_2313.htm,Download,2313,24481,,,,,
3,12b51d8d120f1a1f16bf13bf139f171d119d198d095d1d4d1d5d176d148d6041,https://ngmdb.usgs.gov/Prodesc/proddesc_2367.htm,Download,2367,24691,,,,,
3,5aa115cd9e3e983e923e903e96de9f5f929f9daf9f2d131d1b4d9b6d65c16201,https://ngmdb.usgs.gov/Prodesc/proddesc_2301.htm,Download,2301,24436,,,,,
3,6dc5086d133f121f120b172f164d158d0f2d1b6d134d1b4d1e9d1b1d109d64a1,https://ngmdb.usgs.gov/Prodesc/proddesc_2314.htm,Download,2314,24484,,,,,
3,489111cd134f18cf0a6f115f144f114f032d129d125d154d148d15ad15ad6001,https://ngmdb.usgs.gov/Prodesc/proddesc_2370.htm,Download,2370,24707,,,,,
3,42c319b91e5f02df125f135f1a5f065f131f1a1f06bf1b3f1179193919bd4041,https://ngmdb.usgs.gov/Prodesc/proddesc_2370.htm,Download,2370,24710,,,,,
3,48910d4d176f176f174f174f176f176f172f1faf0f2f0b2f0d4d1d2d148d6101,https://ngmdb.usgs.gov/Prodesc/proddesc_2370.htm,Download,2370,24713,,,,,
3,3727322b456b6573365b148b16a7132761c3648f3587419310d7043704bb41db,https://ngmdb.usgs.gov/Prodesc/proddesc_24683.htm,Download,24683,29073,,,,,
3,643394370c23653b041f34ab3427b6272525a4ad9d8f8dafc937efa7a7b341f2,https://ngmdb.usgs.gov/Prodesc/proddesc_24683.htm,Download,24683,29074,,,,,
3,3a83128106a1c4e1194128c1dc63d27ff4d7e68739cfb4e3acf3943b3699d6da,https://ngmdb.usgs.gov/Prodesc/proddesc_24683.htm,Download,24683,29072,,,,,
3,263356b744a3641366cb3e8b15b3432364a366a363b345ab041706a304fb04f3,https://ngmdb.usgs.gov/Prodesc/proddesc_24683.htm,Download,24683,29075,,,,,
3,40d7118453647266126c336c236c135c392c3d2d31ac126c1664466d426dc0cb,https://ngmdb.usgs.gov/Prodesc/proddesc_4120.htm,Download,4120,38154,,,,,
3,588f148d146d305d3a2d326d32ed30d914d9995d08dd06cd13ad12ad224dd0ca,https://ngmdb.usgs.gov/Prodesc/proddesc_4120.htm,Download,4120,38209,,,,,
2 and 3,78955219481d7d3554755bd5533747614e654c7573366e596e3558b5c3c14301,https://ngmdb.usgs.gov/Prodesc/proddesc_3421.htm,Download,3421,28607,,,,,
2 and 3,575807e024b8230c436d479c63ce479d311d236d0e2c267d0c8d0a7d28fdc180,https://ngmdb.usgs.gov/Prodesc/proddesc_3418.htm,Download,3418,28605,,,,,
2 and 3,4a8c56dd499d59e4378f068f5a0d0c4d260c1f1d1f8f0d8d0d8d15de41c8618d,https://ngmdb.usgs.gov/Prodesc/proddesc_3420.htm,Download,3420,28606,,,,,
3,49f533347677587f30bb1c6b086b60eb138b12cb094b694b4d6f696f69700499,https://ngmdb.usgs.gov/Prodesc/proddesc_9158.htm,Download,9158,1359,,,,,
3,50c023f5037524754c7530696969637516614e655a750a650965676515850480,https://ngmdb.usgs.gov/Prodesc/proddesc_9160.htm,Download,9160,42651,,,,,
2 and 3,78c274e9575d1ac948d55a55265546d711551cdd5cdd53592c9928d502d50700,https://ngmdb.usgs.gov/Prodesc/proddesc_10243.htm,Download,10243,1327,yes,yes,Result Download,Result Download,
2 and 3,49486fe5626542d963d939f574d70ad71355515541d559d748dd871507950400,https://ngmdb.usgs.gov/Prodesc/proddesc_10043.htm,Download,10043,1323,,,,,
2 and 3,61a9446949714a7116e9136d42e964e9677966b152b95a935b935a994cd10294,https://ngmdb.usgs.gov/Prodesc/proddesc_10002.htm,Download,10002,2543,,,,,
2 and 3,511c4275207552315075106532653ae118f122208d099dba8db32db354fb90f8,https://ngmdb.usgs.gov/Prodesc/proddesc_10003.htm,Download,10003,2544,yes,yes,Result Download,Result Download,
3,487966393639163b247b766947f943e94aa94a8d4aa94aa946394b214b290aad,https://ngmdb.usgs.gov/Prodesc/proddesc_10109.htm,Download,10109,2545,yes,yes,Result Download,Result Download,
2 and 3,718d298d130d578d4f2d0c4d38cd394d739d332f536d80816834800401ed03e9,https://ngmdb.usgs.gov/Prodesc/proddesc_3519.htm,Download,3519,28608,,,,,
3,64e674635e530d63465b719b7ccf687561757337637743310193188c194c1cc9,https://ngmdb.usgs.gov/Prodesc/proddesc_16520.htm,Download,16520,7350,,,,,
3,50c1122342734059404941594119412d300d1017500f520f720d220902340037,https://ngmdb.usgs.gov/Prodesc/proddesc_4242.htm,Download,4242,12907,,,,,